{
  "check_db.py": 1775518748.2211144,
  "conftest.py": 1775270776.3509905,
  "main.py": 1776159832.5273738,
  "run_research.py": 1775176590.4808547,
  "modules\\base.py": 1776161872.982858,
  "modules\\__init__.py": 1775176590.5329084,
  "modules\\apex\\apex.py": 1776016464.1966462,
  "modules\\apex\\synthetic_data_generator.py": 1775905888.0984097,
  "modules\\apex\\teaching_extractor.py": 1775610642.2236528,
  "modules\\apex\\training_data_pipeline.py": 1775905384.2389147,
  "modules\\apex\\__init__.py": 1775183310.1505742,
  "modules\\cerberus\\cerberus.py": 1776040054.5306387,
  "modules\\cerberus\\creator_override.py": 1775535228.7416112,
  "modules\\cerberus\\emergency_shutdown.py": 1775535859.780039,
  "modules\\cerberus\\ethics_engine.py": 1775521701.3609898,
  "modules\\cerberus\\injection_detector.py": 1775450116.8360977,
  "modules\\cerberus\\reversibility.py": 1775535222.1679268,
  "modules\\cerberus\\watchdog.py": 1775535291.8529449,
  "modules\\cerberus\\__init__.py": 1775535398.0372665,
  "modules\\cipher\\cipher.py": 1776209730.5904455,
  "modules\\cipher\\__init__.py": 1775446689.67868,
  "modules\\grimoire\\conversation_ingestor.py": 1775928433.1183252,
  "modules\\grimoire\\cross_reference.py": 1775906581.84486,
  "modules\\grimoire\\embedding_evaluator.py": 1775905937.6727521,
  "modules\\grimoire\\embedding_router.py": 1775615774.3431833,
  "modules\\grimoire\\entity_extractor.py": 1775930026.2605395,
  "modules\\grimoire\\graph_layer.py": 1775930007.2031906,
  "modules\\grimoire\\grimoire.py": 1776161872.9842427,
  "modules\\grimoire\\grimoire_module.py": 1775615828.8813255,
  "modules\\grimoire\\grimoire_reader.py": 1775558232.1882522,
  "modules\\grimoire\\mcp_server.py": 1775906581.60049,
  "modules\\grimoire\\query_optimizer.py": 1775615180.7412226,
  "modules\\grimoire\\snapshot_exporter.py": 1775906636.0788033,
  "modules\\grimoire\\staged_retrieval.py": 1775608896.8250399,
  "modules\\grimoire\\__init__.py": 1775176590.5735655,
  "modules\\harbinger\\harbinger.py": 1775450177.8702924,
  "modules\\harbinger\\safety_report.py": 1775559716.189564,
  "modules\\harbinger\\telegram.py": 1775450192.9206038,
  "modules\\harbinger\\__init__.py": 1775183310.158642,
  "modules\\morpheus\\cross_module_dreaming.py": 1775617456.525963,
  "modules\\morpheus\\experiment_store.py": 1775608881.6938212,
  "modules\\morpheus\\morpheus.py": 1775930291.1578481,
  "modules\\morpheus\\prompt_evolution.py": 1775929836.7060823,
  "modules\\morpheus\\prompt_templates.py": 1775929748.9295933,
  "modules\\morpheus\\rd_lab.py": 1775617480.890139,
  "modules\\morpheus\\self_improvement.py": 1775930387.9014964,
  "modules\\morpheus\\serendipity_detector.py": 1775616592.802879,
  "modules\\morpheus\\__init__.py": 1775183310.1815948,
  "modules\\nova\\nova.py": 1775950381.0940914,
  "modules\\nova\\__init__.py": 1775446946.901968,
  "modules\\omen\\code_analyzer.py": 1775536852.2285,
  "modules\\omen\\model_evaluator.py": 1775537851.0676827,
  "modules\\omen\\omen.py": 1776161872.9862628,
  "modules\\omen\\sandbox.py": 1775610635.442556,
  "modules\\omen\\scratchpad.py": 1775612087.5020792,
  "modules\\omen\\test_gate.py": 1775607857.9117115,
  "modules\\omen\\tool_creator.py": 1775617386.2002149,
  "modules\\omen\\__init__.py": 1775183310.1649296,
  "modules\\reaper\\config.py": 1775906531.0008957,
  "modules\\reaper\\mcp_server.py": 1775906779.3639135,
  "modules\\reaper\\reaper.py": 1776164130.5014448,
  "modules\\reaper\\reaper_module.py": 1775450250.0146513,
  "modules\\reaper\\__init__.py": 1775176590.5919428,
  "modules\\sentinel\\security_analyzer.py": 1775537580.4737515,
  "modules\\sentinel\\sentinel.py": 1776163014.350665,
  "modules\\sentinel\\threat_intelligence.py": 1775538860.6642575,
  "modules\\sentinel\\__init__.py": 1775183310.1546204,
  "modules\\shadow\\adversarial_sparring.py": 1775614453.7726038,
  "modules\\shadow\\async_tasks.py": 1776041518.671409,
  "modules\\shadow\\behavioral_benchmark.py": 1775608104.2154255,
  "modules\\shadow\\benchmark_generator.py": 1775617382.4075508,
  "modules\\shadow\\benchmark_suite.py": 1775905958.5965044,
  "modules\\shadow\\chain_of_thought.py": 1775610629.9515393,
  "modules\\shadow\\chunked_processor.py": 1775616722.363532,
  "modules\\shadow\\claudemd_generator.py": 1775906706.466496,
  "modules\\shadow\\confidence_calibration.py": 1775614514.3367958,
  "modules\\shadow\\confidence_scorer.py": 1775943797.3800108,
  "modules\\shadow\\context_compressor.py": 1775608887.8419037,
  "modules\\shadow\\context_manager.py": 1775608969.4960237,
  "modules\\shadow\\context_orchestrator.py": 1775609767.881403,
  "modules\\shadow\\context_profiler.py": 1775611649.5986354,
  "modules\\shadow\\drift_detector.py": 1775617383.073916,
  "modules\\shadow\\events.py": 1775559389.418683,
  "modules\\shadow\\execution_planner.py": 1775611603.3822923,
  "modules\\shadow\\failure_patterns.py": 1775605403.1398926,
  "modules\\shadow\\growth_engine.py": 1775450279.519892,
  "modules\\shadow\\introspection_dashboard.py": 1775618508.5055318,
  "modules\\shadow\\lora_manager.py": 1775615812.6031723,
  "modules\\shadow\\lora_tracker.py": 1775615176.927385,
  "modules\\shadow\\message_bus.py": 1775557403.0316384,
  "modules\\shadow\\module_state.py": 1775558332.138575,
  "modules\\shadow\\observability.py": 1775518387.904352,
  "modules\\shadow\\ollama_supervisor.py": 1775940863.8701746,
  "modules\\shadow\\operational_state.py": 1775614519.58008,
  "modules\\shadow\\orchestrator.py": 1776164326.5339303,
  "modules\\shadow\\predictive_escalation.py": 1775615231.7229245,
  "modules\\shadow\\proactive_engine.py": 1775559373.1157837,
  "modules\\shadow\\problem_fingerprint.py": 1775614484.4044893,
  "modules\\shadow\\prompt_evolver.py": 1775616688.523526,
  "modules\\shadow\\recursive_decomposer.py": 1775613264.4140048,
  "modules\\shadow\\retry_engine.py": 1775933932.6830044,
  "modules\\shadow\\self_review.py": 1775618369.6271806,
  "modules\\shadow\\self_teaching.py": 1775944721.0007532,
  "modules\\shadow\\shadow_module.py": 1775450292.6132822,
  "modules\\shadow\\standing_tasks.py": 1776161872.9872725,
  "modules\\shadow\\task_chain.py": 1775874265.9244266,
  "modules\\shadow\\task_queue.py": 1775537827.2300963,
  "modules\\shadow\\task_tracker.py": 1775450301.1161413,
  "modules\\shadow\\tool_evaluator.py": 1775612324.3047779,
  "modules\\shadow\\tool_loader.py": 1775872659.5794916,
  "modules\\shadow\\workflow_store.py": 1775612344.83408,
  "modules\\shadow\\__init__.py": 1775268494.32108,
  "modules\\shadow_core\\__init__.py": 1775183310.1320763,
  "modules\\void\\void.py": 1775450310.3704114,
  "modules\\void\\__init__.py": 1775446103.43515,
  "modules\\wraith\\wraith.py": 1775868798.9510152,
  "modules\\wraith\\__init__.py": 1775183310.1392672,
  "scripts\\esv_ingest.py": 1775519630.4028225,
  "scripts\\esv_ingestion.py": 1775434450.8730989,
  "scripts\\esv_processor.py": 1775434572.5293262,
  "scripts\\watchdog_cerberus.py": 1775435070.9107091,
  "tests\\test_adversarial_sparring.py": 1775614528.0251665,
  "tests\\test_apex.py": 1776016478.9081244,
  "tests\\test_apex_context.py": 1776041980.388734,
  "tests\\test_apex_conversation.py": 1776016587.7144446,
  "tests\\test_apex_learning.py": 1775905900.7531083,
  "tests\\test_apex_teaching.py": 1775610725.9326794,
  "tests\\test_async_tasks.py": 1776041773.3412178,
  "tests\\test_async_wiring.py": 1776041657.1126106,
  "tests\\test_base.py": 1776161872.9883225,
  "tests\\test_base_module_capabilities.py": 1775558618.5821154,
  "tests\\test_behavioral_benchmark.py": 1775608168.6557655,
  "tests\\test_benchmarks.py": 1775449684.78886,
  "tests\\test_benchmark_generator.py": 1775617410.8726716,
  "tests\\test_benchmark_suite.py": 1775906128.2047787,
  "tests\\test_cerberus.py": 1776040077.460538,
  "tests\\test_cerberus_auto_registration.py": 1775559839.5225725,
  "tests\\test_cerberus_ethics.py": 1775520482.175109,